env_step,episode_return
19,19.0
33,14.0
44,11.0
55,11.0
74,19.0
109,35.0
124,15.0
145,21.0
164,19.0
192,28.0
212,20.0
223,11.0
240,17.0
266,26.0
275,9.0
306,31.0
324,18.0
339,15.0
367,28.0
391,24.0
409,18.0
435,26.0
454,19.0
466,12.0
482,16.0
500,18.0
530,30.0
540,10.0
549,9.0
571,22.0
608,37.0
641,33.0
666,25.0
682,16.0
695,13.0
713,18.0
730,17.0
753,23.0
769,16.0
784,15.0
806,22.0
825,19.0
864,39.0
885,21.0
906,21.0
932,26.0
947,15.0
958,11.0
975,17.0
988,13.0
1010,22.0
1043,33.0
1079,36.0
1127,48.0
1173,46.0
1184,11.0
1222,38.0
1237,15.0
1271,34.0
1289,18.0
1333,44.0
1350,17.0
1367,17.0
1391,24.0
1415,24.0
1440,25.0
1456,16.0
1476,20.0
1506,30.0
1539,33.0
1566,27.0
1581,15.0
1606,25.0
1668,62.0
1692,24.0
1719,27.0
1732,13.0
1746,14.0
1757,11.0
1787,30.0
1809,22.0
1857,48.0
1889,32.0
1915,26.0
1931,16.0
1941,10.0
1953,12.0
1973,20.0
1986,13.0
2005,19.0
2015,10.0
2026,11.0
2044,18.0
2068,24.0
2084,16.0
2118,34.0
2137,19.0
2157,20.0
2189,32.0
2201,12.0
2215,14.0
2234,19.0
2251,17.0
2275,24.0
2287,12.0
2307,20.0
2320,13.0
2332,12.0
2353,21.0
2379,26.0
2391,12.0
2412,21.0
2426,14.0
2442,16.0
2452,10.0
2466,14.0
2491,25.0
2501,10.0
2514,13.0
2523,9.0
2541,18.0
2557,16.0
2598,41.0
2611,13.0
2651,40.0
2663,12.0
2681,18.0
2702,21.0
2718,16.0
2745,27.0
2774,29.0
2791,17.0
2803,12.0
2816,13.0
2829,13.0
2846,17.0
2858,12.0
2877,19.0
2906,29.0
2922,16.0
2982,60.0
2996,14.0
3015,19.0
3047,32.0
3058,11.0
3107,49.0
3125,18.0
3144,19.0
3154,10.0
3224,70.0
3262,38.0
3296,34.0
3312,16.0
3340,28.0
3358,18.0
3373,15.0
3403,30.0
3416,13.0
3438,22.0
3456,18.0
3484,28.0
3498,14.0
3511,13.0
3523,12.0
3536,13.0
3554,18.0
3567,13.0
3600,33.0
3613,13.0
3629,16.0
3644,15.0
3697,53.0
3715,18.0
3734,19.0
3758,24.0
3781,23.0
3832,51.0
3858,26.0
3896,38.0
3906,10.0
3934,28.0
3949,15.0
3972,23.0
3980,8.0
4012,32.0
4025,13.0
4050,25.0
4065,15.0
4077,12.0
4109,32.0
4142,33.0
4160,18.0
4173,13.0
4191,18.0
4219,28.0
4232,13.0
4258,26.0
4278,20.0
4305,27.0
4326,21.0
4339,13.0
4370,31.0
4389,19.0
4406,17.0
4430,24.0
4446,16.0
4467,21.0
4481,14.0
4499,18.0
4516,17.0
4534,18.0
4547,13.0
4561,14.0
4577,16.0
4600,23.0
4638,38.0
4681,43.0
4720,39.0
4731,11.0
4745,14.0
4763,18.0
4776,13.0
4803,27.0
4827,24.0
4843,16.0
4853,10.0
4868,15.0
4880,12.0
4908,28.0
4948,40.0
4978,30.0
4988,10.0
5018,30.0
5031,13.0
5051,20.0
5064,13.0
5077,13.0
5089,12.0
5120,31.0
5152,32.0
5168,16.0
5183,15.0
5210,27.0
5236,26.0
5247,11.0
5272,25.0
5282,10.0
5299,17.0
5330,31.0
5350,20.0
5369,19.0
5385,16.0
5405,20.0
5419,14.0
5447,28.0
5464,17.0
5473,9.0
5484,11.0
5499,15.0
5512,13.0
5532,20.0
5548,16.0
5579,31.0
5625,46.0
5647,22.0
5666,19.0
5691,25.0
5726,35.0
5755,29.0
5822,67.0
5832,10.0
5864,32.0
5889,25.0
5909,20.0
5925,16.0
5934,9.0
5953,19.0
5967,14.0
5981,14.0
6004,23.0
6017,13.0
6050,33.0
6060,10.0
6071,11.0
6086,15.0
6099,13.0
6157,58.0
6168,11.0
6188,20.0
6198,10.0
6214,16.0
6231,17.0
6246,15.0
6257,11.0
6273,16.0
6290,17.0
6308,18.0
6320,12.0
6377,57.0
6410,33.0
6425,15.0
6441,16.0
6456,15.0
6471,15.0
6483,12.0
6496,13.0
6523,27.0
6556,33.0
6602,46.0
6628,26.0
6646,18.0
6658,12.0
6668,10.0
6686,18.0
6699,13.0
6711,12.0
6757,46.0
6773,16.0
6789,16.0
6800,11.0
6814,14.0
6851,37.0
6866,15.0
6892,26.0
6916,24.0
6932,16.0
6949,17.0
6962,13.0
7004,42.0
7012,8.0
7034,22.0
7047,13.0
7070,23.0
7098,28.0
7108,10.0
7144,36.0
7189,45.0
7200,11.0
7232,32.0
7251,19.0
7273,22.0
7289,16.0
7306,17.0
7363,57.0
7390,27.0
7408,18.0
7423,15.0
7439,16.0
7477,38.0
7489,12.0
7500,11.0
7557,57.0
7573,16.0
7603,30.0
7622,19.0
7644,22.0
7665,21.0
7688,23.0
7721,33.0
7740,19.0
7765,25.0
7778,13.0
7791,13.0
7803,12.0
7833,30.0
7844,11.0
7907,63.0
7930,23.0
7949,19.0
7962,13.0
7976,14.0
8009,33.0
8025,16.0
8058,33.0
8080,22.0
8098,18.0
8127,29.0
8165,38.0
8205,40.0
8264,59.0
8278,14.0
8300,22.0
8314,14.0
8334,20.0
8353,19.0
8374,21.0
8411,37.0
8472,61.0
8482,10.0
8502,20.0
8522,20.0
8586,64.0
8599,13.0
8624,25.0
8636,12.0
8650,14.0
8665,15.0
8679,14.0
8707,28.0
8762,55.0
8776,14.0
8810,34.0
8863,53.0
8891,28.0
8946,55.0
8969,23.0
8985,16.0
9028,43.0
9039,11.0
9049,10.0
9066,17.0
9087,21.0
9142,55.0
9165,23.0
9201,36.0
9239,38.0
9338,99.0
9376,38.0
9391,15.0
9421,30.0
9435,14.0
9474,39.0
9507,33.0
9520,13.0
9530,10.0
9552,22.0
9584,32.0
9615,31.0
9640,25.0
9654,14.0
9722,68.0
9735,13.0
9751,16.0
9767,16.0
9789,22.0
9805,16.0
9825,20.0
9845,20.0
9900,55.0
9966,66.0
9989,23.0
10002,13.0
10025,23.0
10049,24.0
10058,9.0
10079,21.0
10103,24.0
10156,53.0
10190,34.0
10199,9.0
10230,31.0
10263,33.0
10281,18.0
10370,89.0
10412,42.0
10451,39.0
10465,14.0
10503,38.0
10516,13.0
10528,12.0
10548,20.0
10563,15.0
10604,41.0
10647,43.0
10670,23.0
10732,62.0
10750,18.0
10771,21.0
10786,15.0
10799,13.0
10832,33.0
10853,21.0
10876,23.0
10888,12.0
10906,18.0
10934,28.0
10947,13.0
10963,16.0
10990,27.0
11008,18.0
11108,100.0
11135,27.0
11165,30.0
11185,20.0
11219,34.0
11249,30.0
11295,46.0
11319,24.0
11333,14.0
11348,15.0
11359,11.0
11373,14.0
11387,14.0
11420,33.0
11437,17.0
11454,17.0
11509,55.0
11521,12.0
11536,15.0
11580,44.0
11619,39.0
11633,14.0
11661,28.0
11687,26.0
11704,17.0
11718,14.0
11740,22.0
11750,10.0
11764,14.0
11804,40.0
11813,9.0
11839,26.0
11869,30.0
11897,28.0
11951,54.0
11974,23.0
11991,17.0
12022,31.0
12041,19.0
12059,18.0
12071,12.0
12087,16.0
12171,84.0
12233,62.0
12366,133.0
12381,15.0
12409,28.0
12429,20.0
12442,13.0
12460,18.0
12551,91.0
12732,181.0
12751,19.0
12780,29.0
12849,69.0
12883,34.0
12911,28.0
12951,40.0
13042,91.0
13106,64.0
13163,57.0
13236,73.0
13262,26.0
13276,14.0
13315,39.0
13351,36.0
13363,12.0
13391,28.0
13407,16.0
13457,50.0
13539,82.0
13560,21.0
13581,21.0
13600,19.0
13621,21.0
13666,45.0
13697,31.0
13710,13.0
13752,42.0
13765,13.0
13784,19.0
13795,11.0
13806,11.0
13836,30.0
13854,18.0
13878,24.0
13895,17.0
13915,20.0
13955,40.0
13984,29.0
14007,23.0
14019,12.0
14048,29.0
14106,58.0
14122,16.0
14153,31.0
14167,14.0
14207,40.0
14228,21.0
14325,97.0
14351,26.0
14381,30.0
14397,16.0
14408,11.0
14424,16.0
14477,53.0
14499,22.0
14508,9.0
14541,33.0
14557,16.0
14570,13.0
14629,59.0
14650,21.0
14665,15.0
14738,73.0
14750,12.0
14791,41.0
14811,20.0
14872,61.0
14884,12.0
14908,24.0
14930,22.0
14951,21.0
14975,24.0
15104,129.0
15128,24.0
15141,13.0
15152,11.0
15187,35.0
15224,37.0
15245,21.0
15330,85.0
15343,13.0
15363,20.0
15383,20.0
15450,67.0
15467,17.0
15482,15.0
15497,15.0
15538,41.0
15556,18.0
15608,52.0
15632,24.0
15647,15.0
15744,97.0
15759,15.0
15792,33.0
15810,18.0
15832,22.0
15953,121.0
15966,13.0
16017,51.0
16067,50.0
16081,14.0
16166,85.0
16180,14.0
16194,14.0
16205,11.0
16232,27.0
16250,18.0
16263,13.0
16285,22.0
16299,14.0
16358,59.0
16386,28.0
16424,38.0
16485,61.0
16513,28.0
16526,13.0
16569,43.0
16630,61.0
16668,38.0
16684,16.0
16738,54.0
16748,10.0
16780,32.0
16799,19.0
16836,37.0
16848,12.0
16863,15.0
16885,22.0
16900,15.0
16911,11.0
16923,12.0
16941,18.0
16953,12.0
16967,14.0
16998,31.0
17021,23.0
17043,22.0
17136,93.0
17237,101.0
17255,18.0
17305,50.0
17323,18.0
17335,12.0
17417,82.0
17444,27.0
17490,46.0
17526,36.0
17568,42.0
17578,10.0
17615,37.0
17631,16.0
17664,33.0
17689,25.0
17768,79.0
17791,23.0
17898,107.0
17912,14.0
17937,25.0
17964,27.0
17977,13.0
18033,56.0
18056,23.0
18077,21.0
18102,25.0
18137,35.0
18153,16.0
18170,17.0
18180,10.0
18240,60.0
18253,13.0
18268,15.0
18300,32.0
18332,32.0
18370,38.0
18403,33.0
18435,32.0
18452,17.0
18465,13.0
18486,21.0
18564,78.0
18609,45.0
18654,45.0
18683,29.0
18693,10.0
18732,39.0
18748,16.0
18884,136.0
18897,13.0
18920,23.0
18947,27.0
18976,29.0
18994,18.0
19015,21.0
19027,12.0
19121,94.0
19130,9.0
19142,12.0
19153,11.0
19262,109.0
19282,20.0
19297,15.0
19310,13.0
19323,13.0
19359,36.0
19374,15.0
19439,65.0
19451,12.0
19464,13.0
19522,58.0
19540,18.0
19558,18.0
19605,47.0
19619,14.0
19639,20.0
19686,47.0
19713,27.0
19730,17.0
19753,23.0
19763,10.0
19796,33.0
19837,41.0
19856,19.0
19879,23.0
19891,12.0
19908,17.0
19933,25.0
19948,15.0
19967,19.0
19982,15.0
20013,31.0
20038,25.0
20063,25.0
20073,10.0
20119,46.0
20144,25.0
20157,13.0
20170,13.0
20182,12.0
20307,125.0
20340,33.0
20376,36.0
20397,21.0
20414,17.0
20423,9.0
20462,39.0
20490,28.0
20525,35.0
20543,18.0
20559,16.0
20576,17.0
20589,13.0
20608,19.0
20625,17.0
20647,22.0
20663,16.0
20678,15.0
20879,201.0
20890,11.0
20947,57.0
20958,11.0
21033,75.0
21078,45.0
21095,17.0
21108,13.0
21132,24.0
21157,25.0
21181,24.0
21215,34.0
21231,16.0
21265,34.0
21309,44.0
21333,24.0
21356,23.0
21375,19.0
21425,50.0
21443,18.0
21454,11.0
21471,17.0
21488,17.0
21499,11.0
21524,25.0
21547,23.0
21597,50.0
21631,34.0
21645,14.0
21673,28.0
21688,15.0
21700,12.0
21723,23.0
21773,50.0
21790,17.0
21808,18.0
21824,16.0
21855,31.0
21876,21.0
21888,12.0
21917,29.0
21936,19.0
21950,14.0
21972,22.0
22036,64.0
22053,17.0
22080,27.0
22095,15.0
22106,11.0
22125,19.0
22139,14.0
22158,19.0
22177,19.0
22249,72.0
22262,13.0
22292,30.0
22308,16.0
22324,16.0
22338,14.0
22358,20.0
22392,34.0
22429,37.0
22443,14.0
22456,13.0
22486,30.0
22497,11.0
22526,29.0
22540,14.0
22561,21.0
22585,24.0
22662,77.0
22702,40.0
22717,15.0
22733,16.0
22746,13.0
22761,15.0
22772,11.0
22860,88.0
22902,42.0
22923,21.0
22943,20.0
22963,20.0
22988,25.0
23014,26.0
23026,12.0
23046,20.0
23082,36.0
23113,31.0
23131,18.0
23144,13.0
23171,27.0
23186,15.0
23197,11.0
23210,13.0
23224,14.0
23264,40.0
23289,25.0
23325,36.0
23346,21.0
23364,18.0
23380,16.0
23399,19.0
23410,11.0
23457,47.0
23489,32.0
23550,61.0
23650,100.0
23662,12.0
23695,33.0
23733,38.0
23857,124.0
23902,45.0
23923,21.0
23937,14.0
23946,9.0
23959,13.0
23982,23.0
23994,12.0
24045,51.0
24057,12.0
24099,42.0
24117,18.0
24135,18.0
24188,53.0
24204,16.0
24304,100.0
24404,100.0
24451,47.0
24476,25.0
24502,26.0
24516,14.0
24535,19.0
24548,13.0
24561,13.0
24625,64.0
24650,25.0
24670,20.0
24689,19.0
24775,86.0
24868,93.0
24878,10.0
24891,13.0
24901,10.0
25036,135.0
25067,31.0
25078,11.0
25115,37.0
25152,37.0
25174,22.0
25212,38.0
25224,12.0
25266,42.0
25288,22.0
25348,60.0
25371,23.0
25434,63.0
25506,72.0
25539,33.0
25584,45.0
25599,15.0
25637,38.0
25755,118.0
25817,62.0
25859,42.0
25869,10.0
25889,20.0
25913,24.0
25955,42.0
26029,74.0
26062,33.0
26151,89.0
26276,125.0
26345,69.0
26373,28.0
26389,16.0
26405,16.0
26430,25.0
26599,169.0
26634,35.0
26655,21.0
26682,27.0
26693,11.0
26720,27.0
26736,16.0
26765,29.0
26808,43.0
26821,13.0
26854,33.0
26869,15.0
26882,13.0
26902,20.0
26923,21.0
26934,11.0
26987,53.0
27010,23.0
27030,20.0
27058,28.0
27085,27.0
27218,133.0
27369,151.0
27423,54.0
27454,31.0
27495,41.0
27506,11.0
27519,13.0
27530,11.0
27557,27.0
27606,49.0
27646,40.0
27676,30.0
27800,124.0
27814,14.0
27832,18.0
27881,49.0
27893,12.0
27915,22.0
27926,11.0
28044,118.0
28054,10.0
28074,20.0
28090,16.0
28191,101.0
28318,127.0
28406,88.0
28416,10.0
28428,12.0
28465,37.0
28480,15.0
28490,10.0
28512,22.0
28529,17.0
28547,18.0
28572,25.0
28586,14.0
28615,29.0
28634,19.0
28702,68.0
28776,74.0
28817,41.0
28833,16.0
28887,54.0
28909,22.0
28919,10.0
28933,14.0
28961,28.0
28984,23.0
29004,20.0
29016,12.0
29059,43.0
29073,14.0
29090,17.0
29108,18.0
29124,16.0
29139,15.0
29153,14.0
29169,16.0
29180,11.0
29195,15.0
29252,57.0
29289,37.0
29310,21.0
29338,28.0
29354,16.0
29374,20.0
29396,22.0
29408,12.0
29418,10.0
29456,38.0
29473,17.0
29524,51.0
29539,15.0
29561,22.0
29577,16.0
29616,39.0
29766,150.0
29797,31.0
29839,42.0
29878,39.0
29937,59.0
29982,45.0
29994,12.0
30119,125.0
30129,10.0
30168,39.0
30188,20.0
30213,25.0
30259,46.0
30273,14.0
30289,16.0
30303,14.0
30363,60.0
30379,16.0
30398,19.0
30464,66.0
30485,21.0
30502,17.0
30536,34.0
30640,104.0
30654,14.0
30676,22.0
30692,16.0
30775,83.0
30790,15.0
30810,20.0
30862,52.0
30903,41.0
30941,38.0
31198,257.0
31241,43.0
31255,14.0
31266,11.0
31285,19.0
31296,11.0
31307,11.0
31336,29.0
31380,44.0
31517,137.0
31577,60.0
31652,75.0
31690,38.0
31704,14.0
31853,149.0
31868,15.0
31912,44.0
31951,39.0
31976,25.0
31992,16.0
32006,14.0
32042,36.0
32058,16.0
32175,117.0
32200,25.0
32240,40.0
32261,21.0
32284,23.0
32461,177.0
32483,22.0
32589,106.0
32607,18.0
32630,23.0
32642,12.0
32663,21.0
32688,25.0
32737,49.0
32781,44.0
32811,30.0
32847,36.0
32896,49.0
32920,24.0
32931,11.0
32949,18.0
32964,15.0
32980,16.0
32993,13.0
33159,166.0
33171,12.0
33191,20.0
33212,21.0
33250,38.0
33265,15.0
33400,135.0
33426,26.0
33443,17.0
33458,15.0
33561,103.0
33703,142.0
33764,61.0
33784,20.0
33835,51.0
33850,15.0
34059,209.0
34202,143.0
34278,76.0
34316,38.0
34364,48.0
34379,15.0
34397,18.0
34566,169.0
34614,48.0
34631,17.0
34653,22.0
34726,73.0
34746,20.0
34767,21.0
34782,15.0
34898,116.0
34914,16.0
34995,81.0
35006,11.0
35027,21.0
35072,45.0
35098,26.0
35121,23.0
35138,17.0
35152,14.0
35226,74.0
35385,159.0
35401,16.0
35544,143.0
35559,15.0
35576,17.0
35587,11.0
35605,18.0
35759,154.0
35777,18.0
35924,147.0
35954,30.0
36026,72.0
36044,18.0
36059,15.0
36078,19.0
36145,67.0
36167,22.0
36181,14.0
36253,72.0
36368,115.0
36383,15.0
36394,11.0
36409,15.0
36467,58.0
36604,137.0
36660,56.0
36701,41.0
36731,30.0
36847,116.0
36891,44.0
36905,14.0
36928,23.0
36978,50.0
36989,11.0
37027,38.0
37136,109.0
37183,47.0
37286,103.0
37295,9.0
37308,13.0
37328,20.0
37343,15.0
37355,12.0
37623,268.0
37634,11.0
37655,21.0
37669,14.0
37873,204.0
37900,27.0
37913,13.0
37923,10.0
37960,37.0
38024,64.0
38263,239.0
38278,15.0
38314,36.0
38433,119.0
38467,34.0
38480,13.0
38597,117.0
38608,11.0
38619,11.0
38631,12.0
38741,110.0
38919,178.0
38938,19.0
38950,12.0
38987,37.0
39000,13.0
39128,128.0
39141,13.0
39164,23.0
39175,11.0
39213,38.0
39704,491.0
39855,151.0
40089,234.0
40150,61.0
40170,20.0
40205,35.0
40217,12.0
40234,17.0
40250,16.0
40358,108.0
40407,49.0
40419,12.0
40555,136.0
40665,110.0
40679,14.0
40715,36.0
40792,77.0
40831,39.0
40878,47.0
40920,42.0
41100,180.0
41574,474.0
41590,16.0
41653,63.0
41913,260.0
41926,13.0
41936,10.0
42355,419.0
42373,18.0
42383,10.0
42816,433.0
43047,231.0
43170,123.0
43186,16.0
43325,139.0
43339,14.0
43474,135.0
43487,13.0
43499,12.0
43512,13.0
43524,12.0
43580,56.0
43703,123.0
43733,30.0
43752,19.0
43886,134.0
43902,16.0
44233,331.0
44266,33.0
44384,118.0
44525,141.0
44545,20.0
44603,58.0
44639,36.0
44694,55.0
44711,17.0
44726,15.0
44758,32.0
44913,155.0
45058,145.0
45069,11.0
45253,184.0
45268,15.0
45430,162.0
45482,52.0
45733,251.0
45746,13.0
46059,313.0
46175,116.0
46220,45.0
46237,17.0
46250,13.0
46395,145.0
46583,188.0
46595,12.0
46952,357.0
46966,14.0
46979,13.0
47148,169.0
47282,134.0
47423,141.0
47578,155.0
47609,31.0
47820,211.0
48037,217.0
48162,125.0
48313,151.0
48327,14.0
48643,316.0
48793,150.0
49213,420.0
49361,148.0
49594,233.0
49961,367.0
49988,27.0
50170,182.0
50305,135.0
50480,175.0
50606,126.0
50897,291.0
51076,179.0
51576,500.0
51737,161.0
51752,15.0
51896,144.0
52128,232.0
52168,40.0
52327,159.0
52557,230.0
52702,145.0
52940,238.0
53119,179.0
53298,179.0
53782,484.0
53942,160.0
54152,210.0
54307,155.0
54511,204.0
54760,249.0
55012,252.0
55439,427.0
55596,157.0
55640,44.0
55890,250.0
56206,316.0
56663,457.0
56677,14.0
56873,196.0
57049,176.0
57063,14.0
57253,190.0
57427,174.0
57730,303.0
57979,249.0
58131,152.0
58340,209.0
58679,339.0
59053,374.0
59540,487.0
59956,416.0
60097,141.0
60597,500.0
61097,500.0
61349,252.0
61397,48.0
61645,248.0
61944,299.0
62329,385.0
62541,212.0
62779,238.0
62947,168.0
63166,219.0
63220,54.0
63690,470.0
63730,40.0
63890,160.0
64181,291.0
64228,47.0
64346,118.0
64441,95.0
64490,49.0
64516,26.0
64613,97.0
64708,95.0
64812,104.0
64910,98.0
64934,24.0
64964,30.0
65067,103.0
65177,110.0
65190,13.0
65377,187.0
65518,141.0
65680,162.0
65789,109.0
65827,38.0
65948,121.0
66065,117.0
66124,59.0
66367,243.0
66480,113.0
66518,38.0
66763,245.0
66910,147.0
67141,231.0
67314,173.0
67538,224.0
67691,153.0
67833,142.0
67902,69.0
68129,227.0
68277,148.0
68402,125.0
68555,153.0
68745,190.0
68933,188.0
69059,126.0
69073,14.0
69182,109.0
69205,23.0
69313,108.0
69351,38.0
69371,20.0
69486,115.0
69513,27.0
69618,105.0
69744,126.0
69863,119.0
69965,102.0
70076,111.0
70195,119.0
70215,20.0
70413,198.0
70641,228.0
70888,247.0
71095,207.0
71300,205.0
71566,266.0
72062,496.0
72193,131.0
72334,141.0
72487,153.0
72599,112.0
72741,142.0
72878,137.0
73008,130.0
73141,133.0
73266,125.0
73384,118.0
73402,18.0
73568,166.0
73692,124.0
73830,138.0
73961,131.0
74100,139.0
74229,129.0
74352,123.0
74475,123.0
74491,16.0
74617,126.0
74747,130.0
74924,177.0
75065,141.0
75367,302.0
75484,117.0
75625,141.0
75772,147.0
76035,263.0
76352,317.0
76575,223.0
76907,332.0
77160,253.0
77599,439.0
77964,365.0
78156,192.0
78326,170.0
78716,390.0
78994,278.0
79335,341.0
79377,42.0
79704,327.0
80185,481.0
80349,164.0
80574,225.0
80854,280.0
80966,112.0
81108,142.0
81133,25.0
81274,141.0
81422,148.0
81586,164.0
81676,90.0
81866,190.0
82226,360.0
82535,309.0
82810,275.0
82951,141.0
83073,122.0
83151,78.0
83176,25.0
83364,188.0
83397,33.0
83897,500.0
84397,500.0
84773,376.0
85273,500.0
85735,462.0
86099,364.0
86155,56.0
86655,500.0
87037,382.0
87278,241.0
87617,339.0
88117,500.0
88617,500.0
89117,500.0
89617,500.0
90117,500.0
90203,86.0
90672,469.0
91109,437.0
91234,125.0
91362,128.0
91544,182.0
91662,118.0
91774,112.0
91891,117.0
92286,395.0
92394,108.0
92500,106.0
92609,109.0
92720,111.0
92834,114.0
92942,108.0
93052,110.0
93166,114.0
93331,165.0
93809,478.0
93933,124.0
94060,127.0
94257,197.0
94387,130.0
94507,120.0
94877,370.0
95142,265.0
95257,115.0
95367,110.0
95485,118.0
95595,110.0
95717,122.0
95825,108.0
95846,21.0
95963,117.0
96059,96.0
96169,110.0
96280,111.0
96388,108.0
96498,110.0
96516,18.0
96610,94.0
96706,96.0
96805,99.0
96908,103.0
96920,12.0
97025,105.0
97140,115.0
97252,112.0
97431,179.0
97548,117.0
97965,417.0
98163,198.0
98500,337.0
98908,408.0
99157,249.0
99566,409.0
99985,419.0
100121,136.0
100139,18.0
100249,110.0
100478,229.0
100579,101.0
100695,116.0
100809,114.0
100918,109.0
101019,101.0
101427,408.0
101694,267.0
101981,287.0
102481,500.0
102837,356.0
103167,330.0
103400,233.0
103618,218.0
103933,315.0
104069,136.0
104419,350.0
104443,24.0
104794,351.0
105205,411.0
105305,100.0
105805,500.0
106305,500.0
106442,137.0
106942,500.0
107392,450.0
107892,500.0
108281,389.0
108416,135.0
108544,128.0
109044,500.0
109469,425.0
109969,500.0
110329,360.0
110829,500.0
111172,343.0
111672,500.0
112172,500.0
112595,423.0
112704,109.0
113184,480.0
113684,500.0
114184,500.0
114684,500.0
115184,500.0
115197,13.0
115697,500.0
116197,500.0
116692,495.0
117192,500.0
117692,500.0
118192,500.0
118692,500.0
119192,500.0
119225,33.0
119725,500.0
120225,500.0
120725,500.0
121225,500.0
121725,500.0
122225,500.0
122725,500.0
123225,500.0
123254,29.0
123754,500.0
124254,500.0
124754,500.0
125254,500.0
125471,217.0
125849,378.0
126349,500.0
126668,319.0
127004,336.0
127398,394.0
127898,500.0
128398,500.0
128898,500.0
129398,500.0
129898,500.0
130120,222.0
130188,68.0
130688,500.0
131188,500.0
131688,500.0
132030,342.0
132530,500.0
132882,352.0
132984,102.0
133036,52.0
133526,490.0
134026,500.0
134272,246.0
134568,296.0
134741,173.0
134812,71.0
134828,16.0
135035,207.0
135209,174.0
135403,194.0
135599,196.0
136099,500.0
136342,243.0
136569,227.0
136602,33.0
136799,197.0
136900,101.0
137068,168.0
137228,160.0
137388,160.0
137700,312.0
137871,171.0
138335,464.0
138835,500.0
139335,500.0
139835,500.0
140335,500.0
140361,26.0
140385,24.0
140885,500.0
141385,500.0
141797,412.0
142297,500.0
142797,500.0
143188,391.0
143475,287.0
143975,500.0
144181,206.0
144652,471.0
144664,12.0
145164,500.0
145664,500.0
146164,500.0
146664,500.0
146932,268.0
147432,500.0
147932,500.0
148015,83.0
148515,500.0
148746,231.0
148895,149.0
149244,349.0
149643,399.0
150122,479.0
150622,500.0
151122,500.0
151622,500.0
152122,500.0
152136,14.0
152636,500.0
153136,500.0
153164,28.0
153664,500.0
153862,198.0
154205,343.0
154702,497.0
154723,21.0
155223,500.0
155322,99.0
155365,43.0
155382,17.0
155882,500.0
156053,171.0
156148,95.0
156312,164.0
156812,500.0
156965,153.0
157465,500.0
157965,500.0
158465,500.0
158511,46.0
158540,29.0
159040,500.0
159300,260.0
159800,500.0
159870,70.0
160085,215.0
160318,233.0
160818,500.0
161250,432.0
161750,500.0
162064,314.0
162564,500.0
163064,500.0
163564,500.0
164064,500.0
164564,500.0
164875,311.0
165375,500.0
165430,55.0
165930,500.0
166430,500.0
166764,334.0
167264,500.0
167764,500.0
168264,500.0
168287,23.0
168787,500.0
169217,430.0
169717,500.0
170169,452.0
170669,500.0
170748,79.0
171248,500.0
171541,293.0
172041,500.0
172541,500.0
172895,354.0
173157,262.0
173176,19.0
173193,17.0
173693,500.0
174004,311.0
174504,500.0
174735,231.0
175235,500.0
175461,226.0
175559,98.0
175773,214.0
176023,250.0
176523,500.0
176770,247.0
177125,355.0
177146,21.0
177562,416.0
177917,355.0
178234,317.0
178432,198.0
178766,334.0
178971,205.0
179471,500.0
179971,500.0
179992,21.0
180492,500.0
180688,196.0
180914,226.0
181045,131.0
181363,318.0
181828,465.0
182009,181.0
182128,119.0
182292,164.0
182570,278.0
182590,20.0
183090,500.0
183590,500.0
184090,500.0
184590,500.0
184683,93.0
185183,500.0
185683,500.0
185708,25.0
185728,20.0
186130,402.0
186291,161.0
186791,500.0
187291,500.0
187305,14.0
187322,17.0
187822,500.0
188322,500.0
188695,373.0
188922,227.0
188997,75.0
189497,500.0
189760,263.0
189777,17.0
190277,500.0
190777,500.0
191277,500.0
191406,129.0
191906,500.0
191933,27.0
192028,95.0
192528,500.0
193028,500.0
193528,500.0
194028,500.0
194124,96.0
194465,341.0
194568,103.0
195068,500.0
195184,116.0
195404,220.0
195904,500.0
196404,500.0
196719,315.0
196990,271.0
197223,233.0
197653,430.0
197689,36.0
197893,204.0
198393,500.0
198893,500.0
199393,500.0
199893,500.0
200301,408.0
200524,223.0
201024,500.0
201524,500.0
201797,273.0
201807,10.0
202307,500.0
202572,265.0
202892,320.0
203110,218.0
203187,77.0
203687,500.0
203923,236.0
204171,248.0
204227,56.0
204727,500.0
205227,500.0
205256,29.0
205756,500.0
206228,472.0
206728,500.0
206979,251.0
207126,147.0
207352,226.0
207763,411.0
207890,127.0
208390,500.0
208696,306.0
208999,303.0
209499,500.0
209999,500.0
210234,235.0
210454,220.0
210954,500.0
211154,200.0
211608,454.0
211985,377.0
212309,324.0
212809,500.0
212856,47.0
213016,160.0
213047,31.0
213547,500.0
213809,262.0
213912,103.0
213948,36.0
214389,441.0
214889,500.0
214926,37.0
215426,500.0
215446,20.0
215860,414.0
216241,381.0
216741,500.0
216962,221.0
216983,21.0
217225,242.0
217634,409.0
218134,500.0
218361,227.0
218569,208.0
218587,18.0
218692,105.0
218790,98.0
218962,172.0
219077,115.0
219210,133.0
219229,19.0
219729,500.0
219883,154.0
219894,11.0
220089,195.0
220206,117.0
220231,25.0
220473,242.0
220602,129.0
220991,389.0
221008,17.0
221384,376.0
221572,188.0
222072,500.0
222159,87.0
222274,115.0
222341,67.0
222352,11.0
222367,15.0
222515,148.0
222645,130.0
222758,113.0
222941,183.0
222987,46.0
223312,325.0
223608,296.0
224094,486.0
224399,305.0
224643,244.0
225143,500.0
225279,136.0
225424,145.0
225439,15.0
225939,500.0
226389,450.0
226411,22.0
226675,264.0
226789,114.0
227289,500.0
227780,491.0
228139,359.0
228639,500.0
228847,208.0
229018,171.0
229069,51.0
229226,157.0
229726,500.0
229740,14.0
230034,294.0
230275,241.0
230648,373.0
230977,329.0
231129,152.0
231586,457.0
232086,500.0
232586,500.0
233070,484.0
233416,346.0
233643,227.0
234143,500.0
234224,81.0
234724,500.0
234850,126.0
235350,500.0
235465,115.0
235816,351.0
235975,159.0
236091,116.0
236216,125.0
236271,55.0
236402,131.0
236680,278.0
237160,480.0
237224,64.0
237724,500.0
237953,229.0
238103,150.0
238603,500.0
238793,190.0
239201,408.0
239611,410.0
240111,500.0
240611,500.0
241111,500.0
241395,284.0
241427,32.0
241617,190.0
241821,204.0
242321,500.0
242821,500.0
243001,180.0
243038,37.0
243321,283.0
243358,37.0
243385,27.0
243562,177.0
244010,448.0
244510,500.0
245010,500.0
245384,374.0
245884,500.0
246309,425.0
246595,286.0
246714,119.0
246791,77.0
246901,110.0
247052,151.0
247142,90.0
247417,275.0
247798,381.0
247924,126.0
248104,180.0
248242,138.0
248483,241.0
248590,107.0
249090,500.0
249216,126.0
249227,11.0
249268,41.0
249304,36.0
249456,152.0
249568,112.0
249664,96.0
249824,160.0
249929,105.0
249957,28.0
250113,156.0
250128,15.0
250233,105.0
250327,94.0
250827,500.0
250908,81.0
251006,98.0
251082,76.0
251130,48.0
251491,361.0
251513,22.0
251631,118.0
251741,110.0
251863,122.0
251889,26.0
252150,261.0
252263,113.0
252366,103.0
252446,80.0
252529,83.0
252656,127.0
252972,316.0
253472,500.0
253598,126.0
253698,100.0
253809,111.0
253861,52.0
253893,32.0
253903,10.0
253956,53.0
254456,500.0
254496,40.0
254519,23.0
254792,273.0
255292,500.0
255562,270.0
256062,500.0
256562,500.0
256603,41.0
257043,440.0
257282,239.0
257515,233.0
257981,466.0
258011,30.0
258026,15.0
258365,339.0
258621,256.0
258677,56.0
259177,500.0
259480,303.0
259939,459.0
260137,198.0
260185,48.0
260410,225.0
260544,134.0
260665,121.0
260681,16.0
260727,46.0
260871,144.0
260954,83.0
261066,112.0
261145,79.0
261184,39.0
261339,155.0
261388,49.0
261512,124.0
261640,128.0
261904,264.0
262189,285.0
262340,151.0
262499,159.0
262582,83.0
262663,81.0
262706,43.0
262825,119.0
262973,148.0
263121,148.0
263141,20.0
263294,153.0
263423,129.0
263554,131.0
263730,176.0
263858,128.0
263994,136.0
264126,132.0
264148,22.0
264162,14.0
264282,120.0
264401,119.0
264505,104.0
264623,118.0
264752,129.0
264824,72.0
264965,141.0
265081,116.0
265217,136.0
265347,130.0
265526,179.0
265687,161.0
265858,171.0
266006,148.0
266188,182.0
266211,23.0
266358,147.0
266477,119.0
266499,22.0
266693,194.0
266707,14.0
266863,156.0
267030,167.0
267216,186.0
267229,13.0
267406,177.0
267545,139.0
267705,160.0
267865,160.0
268020,155.0
268077,57.0
268087,10.0
268134,47.0
268296,162.0
268480,184.0
268655,175.0
268825,170.0
269055,230.0
269272,217.0
269526,254.0
269748,222.0
269839,91.0
270294,455.0
270321,27.0
270683,362.0
271183,500.0
271404,221.0
271523,119.0
271787,264.0
271843,56.0
272208,365.0
272708,500.0
272907,199.0
273020,113.0
273302,282.0
273592,290.0
274092,500.0
274119,27.0
274489,370.0
274568,79.0
275068,500.0
275476,408.0
275586,110.0
275617,31.0
275827,210.0
275843,16.0
276312,469.0
276812,500.0
276839,27.0
277071,232.0
277217,146.0
277246,29.0
277262,16.0
277762,500.0
278262,500.0
278762,500.0
279262,500.0
279526,264.0
279663,137.0
279882,219.0
280204,322.0
280408,204.0
280784,376.0
280977,193.0
281477,500.0
281754,277.0
282070,316.0
282570,500.0
282729,159.0
283229,500.0
283504,275.0
283863,359.0
284363,500.0
284863,500.0
284876,13.0
285376,500.0
285582,206.0
286082,500.0
286378,296.0
286648,270.0
287027,379.0
287431,404.0
287753,322.0
287776,23.0
287800,24.0
288300,500.0
288800,500.0
289300,500.0
289800,500.0
290300,500.0
290315,15.0
290349,34.0
290785,436.0
290799,14.0
291236,437.0
291399,163.0
291690,291.0
292190,500.0
292393,203.0
292893,500.0
293393,500.0
293555,162.0
293775,220.0
293879,104.0
294379,500.0
294756,377.0
295256,500.0
295756,500.0
296256,500.0
296756,500.0
297256,500.0
297422,166.0
297432,10.0
297469,37.0
297709,240.0
297959,250.0
298138,179.0
298304,166.0
298448,144.0
298606,158.0
298622,16.0
298642,20.0
298794,152.0
298968,174.0
299468,500.0
299514,46.0
300014,500.0
300355,341.0
300840,485.0
301340,500.0
301840,500.0
301862,22.0
302362,500.0
302862,500.0
303362,500.0
303441,79.0
303703,262.0
304203,500.0
304703,500.0
305203,500.0
305540,337.0
305623,83.0
305792,169.0
306292,500.0
306792,500.0
307292,500.0
307792,500.0
308292,500.0
308792,500.0
308894,102.0
309328,434.0
309828,500.0
310272,444.0
310544,272.0
311044,500.0
311435,391.0
311935,500.0
312161,226.0
312661,500.0
312886,225.0
313386,500.0
313453,67.0
313883,430.0
314241,358.0
314741,500.0
315231,490.0
315540,309.0
315824,284.0
316324,500.0
316615,291.0
316648,33.0
317148,500.0
317648,500.0
318069,421.0
318327,258.0
318710,383.0
318923,213.0
319423,500.0
319923,500.0
319950,27.0
320450,500.0
320824,374.0
320836,12.0
320931,95.0
321018,87.0
321034,16.0
321534,500.0
322034,500.0
322449,415.0
322753,304.0
323253,500.0
323495,242.0
323600,105.0
324100,500.0
324123,23.0
324420,297.0
324538,118.0
324830,292.0
325330,500.0
325650,320.0
325990,340.0
326222,232.0
326619,397.0
326939,320.0
327439,500.0
327939,500.0
327957,18.0
328301,344.0
328595,294.0
328610,15.0
328854,244.0
329277,423.0
329777,500.0
330277,500.0
330777,500.0
331277,500.0
331405,128.0
331850,445.0
332314,464.0
332523,209.0
332908,385.0
333341,433.0
333535,194.0
333690,155.0
333785,95.0
333964,179.0
334084,120.0
334362,278.0
334662,300.0
334676,14.0
335009,333.0
335470,461.0
335970,500.0
336334,364.0
336834,500.0
336904,70.0
336927,23.0
337167,240.0
337667,500.0
337679,12.0
338179,500.0
338262,83.0
338762,500.0
339262,500.0
339271,9.0
339771,500.0
340271,500.0
340281,10.0
340612,331.0
341112,500.0
341612,500.0
342112,500.0
342217,105.0
342717,500.0
343217,500.0
343717,500.0
344217,500.0
344717,500.0
345217,500.0
345717,500.0
346217,500.0
346661,444.0
347161,500.0
347661,500.0
347918,257.0
348418,500.0
348918,500.0
349274,356.0
349380,106.0
349389,9.0
349725,336.0
349771,46.0
350147,376.0
350462,315.0
350669,207.0
350874,205.0
351065,191.0
351118,53.0
351618,500.0
352118,500.0
352329,211.0
352656,327.0
352878,222.0
352890,12.0
353289,399.0
353547,258.0
353581,34.0
354081,500.0
354142,61.0
354642,500.0
355016,374.0
355516,500.0
355533,17.0
356033,500.0
356218,185.0
356718,500.0
356732,14.0
356964,232.0
356999,35.0
357291,292.0
357731,440.0
357785,54.0
358125,340.0
358532,407.0
359032,500.0
359047,15.0
359547,500.0
359784,237.0
359846,62.0
360346,500.0
360825,479.0
361223,398.0
361723,500.0
362176,453.0
362612,436.0
363081,469.0
363168,87.0
363668,500.0
363680,12.0
364180,500.0
364544,364.0
364897,353.0
364909,12.0
364930,21.0
364964,34.0
365015,51.0
365205,190.0
365627,422.0
365993,366.0
366489,496.0
366622,133.0
367122,500.0
367622,500.0
368122,500.0
368622,500.0
369067,445.0
369567,500.0
370039,472.0
370402,363.0
370902,500.0
371179,277.0
371504,325.0
371841,337.0
372169,328.0
372481,312.0
372807,326.0
372912,105.0
373412,500.0
373912,500.0
374043,131.0
374269,226.0
374769,500.0
375103,334.0
375554,451.0
375644,90.0
375933,289.0
376291,358.0
376607,316.0
376756,149.0
376964,208.0
377135,171.0
377635,500.0
377994,359.0
378257,263.0
378406,149.0
378592,186.0
379092,500.0
379421,329.0
379844,423.0
380143,299.0
380286,143.0
380298,12.0
380340,42.0
380389,49.0
380440,51.0
380572,132.0
380748,176.0
380932,184.0
381082,150.0
381582,500.0
381857,275.0
381964,107.0
382153,189.0
382329,176.0
382500,171.0
382643,143.0
382971,328.0
383173,202.0
383486,313.0
383730,244.0
383999,269.0
384276,277.0
384460,184.0
384694,234.0
384922,228.0
385196,274.0
385458,262.0
385737,279.0
385876,139.0
386320,444.0
386412,92.0
386585,173.0
386783,198.0
386990,207.0
387348,358.0
387497,149.0
387634,137.0
387819,185.0
388061,242.0
388197,136.0
388328,131.0
388411,83.0
388543,132.0
388695,152.0
388823,128.0
388902,79.0
389045,143.0
389189,144.0
389288,99.0
389433,145.0
389548,115.0
389677,129.0
389709,32.0
389829,120.0
389889,60.0
390012,123.0
390189,177.0
390255,66.0
390393,138.0
390523,130.0
390651,128.0
390756,105.0
390892,136.0
391026,134.0
391183,157.0
391334,151.0
391559,225.0
391636,77.0
391800,164.0
391903,103.0
391918,15.0
392051,133.0
392073,22.0
392358,285.0
392654,296.0
392708,54.0
393208,500.0
393362,154.0
393862,500.0
394018,156.0
394505,487.0
394598,93.0
395098,500.0
395574,476.0
395970,396.0
396318,348.0
396565,247.0
396892,327.0
397035,143.0
397409,374.0
397489,80.0
397582,93.0
397874,292.0
398257,383.0
398757,500.0
399034,277.0
399534,500.0
399830,296.0
400330,500.0
400524,194.0
400579,55.0
400756,177.0
401256,500.0
401611,355.0
402111,500.0
402565,454.0
402585,20.0
403085,500.0
403097,12.0
403308,211.0
403341,33.0
403488,147.0
403692,204.0
404192,500.0
404517,325.0
404721,204.0
404957,236.0
405457,500.0
405591,134.0
406091,500.0
406591,500.0
406706,115.0
407206,500.0
407706,500.0
407726,20.0
407860,134.0
408360,500.0
408476,116.0
408655,179.0
409058,403.0
409558,500.0
409952,394.0
410409,457.0
410651,242.0
410665,14.0
410755,90.0
410937,182.0
411384,447.0
411716,332.0
411747,31.0
411874,127.0
412240,366.0
412352,112.0
412596,244.0
412794,198.0
412980,186.0
413197,217.0
413480,283.0
413917,437.0
413966,49.0
414119,153.0
414294,175.0
414416,122.0
414663,247.0
414843,180.0
414871,28.0
414979,108.0
415160,181.0
415299,139.0
415382,83.0
415541,159.0
415566,25.0
415583,17.0
415640,57.0
415801,161.0
415841,40.0
415975,134.0
416185,210.0
416323,138.0
416369,46.0
416399,30.0
416567,168.0
416704,137.0
416811,107.0
416884,73.0
417038,154.0
417272,234.0
417646,374.0
417832,186.0
418001,169.0
418098,97.0
418216,118.0
418339,123.0
418540,201.0
418798,258.0
418854,56.0
419354,500.0
419409,55.0
419602,193.0
419674,72.0
420075,401.0
420575,500.0
420668,93.0
421168,500.0
421668,500.0
421698,30.0
422198,500.0
422257,59.0
422670,413.0
422793,123.0
423293,500.0
423381,88.0
423881,500.0
424113,232.0
424211,98.0
424711,500.0
425211,500.0
425711,500.0
426211,500.0
426711,500.0
426759,48.0
427259,500.0
427326,67.0
427826,500.0
427848,22.0
428348,500.0
428848,500.0
428987,139.0
429255,268.0
429743,488.0
429753,10.0
430175,422.0
430675,500.0
431175,500.0
431203,28.0
431563,360.0
432063,500.0
432530,467.0
432604,74.0
432817,213.0
432839,22.0
433339,500.0
433759,420.0
434259,500.0
434559,300.0
435059,500.0
435369,310.0
435554,185.0
435616,62.0
436116,500.0
436151,35.0
436526,375.0
437026,500.0
437526,500.0
437565,39.0
437851,286.0
438054,203.0
438554,500.0
439007,453.0
439259,252.0
439759,500.0
440259,500.0
440543,284.0
440858,315.0
441358,500.0
441589,231.0
442089,500.0
442589,500.0
442966,377.0
443466,500.0
443966,500.0
444466,500.0
444481,15.0
444981,500.0
445039,58.0
445539,500.0
446039,500.0
446539,500.0
447039,500.0
447539,500.0
448039,500.0
448515,476.0
448931,416.0
449431,500.0
449678,247.0
449837,159.0
450337,500.0
450378,41.0
450878,500.0
451378,500.0
451878,500.0
452378,500.0
452878,500.0
452971,93.0
453471,500.0
453971,500.0
453991,20.0
454491,500.0
454570,79.0
455070,500.0
455089,19.0
455589,500.0
456089,500.0
456589,500.0
457089,500.0
457589,500.0
458089,500.0
458589,500.0
459089,500.0
459589,500.0
459599,10.0
460099,500.0
460599,500.0
461099,500.0
461599,500.0
461682,83.0
462182,500.0
462682,500.0
463182,500.0
463682,500.0
464182,500.0
464682,500.0
464907,225.0
465407,500.0
465907,500.0
466407,500.0
466907,500.0
467407,500.0
467784,377.0
468081,297.0
468267,186.0
468767,500.0
469225,458.0
469613,388.0
470113,500.0
470613,500.0
470987,374.0
471487,500.0
471987,500.0
472234,247.0
472492,258.0
472821,329.0
473032,211.0
473532,500.0
474032,500.0
474252,220.0
474640,388.0
475049,409.0
475126,77.0
475292,166.0
475717,425.0
476034,317.0
476423,389.0
476606,183.0
477106,500.0
477606,500.0
477661,55.0
478161,500.0
478448,287.0
478493,45.0
478656,163.0
478823,167.0
479323,500.0
479823,500.0
480323,500.0
480544,221.0
481016,472.0
481320,304.0
481820,500.0
481886,66.0
482241,355.0
482386,145.0
482886,500.0
483386,500.0
483886,500.0
483918,32.0
483954,36.0
484454,500.0
484724,270.0
485224,500.0
485245,21.0
485740,495.0
486240,500.0
486652,412.0
487136,484.0
487636,500.0
487798,162.0
488167,369.0
488606,439.0
488773,167.0
488842,69.0
488971,129.0
489166,195.0
489331,165.0
489540,209.0
489558,18.0
489700,142.0
489895,195.0
490021,126.0
490175,154.0
490477,302.0
490752,275.0
490867,115.0
490991,124.0
491491,500.0
491531,40.0
491548,17.0
492018,470.0
492518,500.0
492635,117.0
492883,248.0
493383,500.0
493454,71.0
493954,500.0
494408,454.0
494449,41.0
494949,500.0
495449,500.0
495949,500.0
495964,15.0
496464,500.0
496964,500.0
497114,150.0
497154,40.0
497217,63.0
497717,500.0
497775,58.0
497853,78.0
497871,18.0
498371,500.0
498871,500.0
498980,109.0
499480,500.0
499659,179.0
500159,500.0
500645,486.0
501145,500.0
501172,27.0
501544,372.0
501622,78.0
501653,31.0
501689,36.0
502189,500.0
502324,135.0
502824,500.0
502847,23.0
503230,383.0
503586,356.0
503613,27.0
503650,37.0
503758,108.0
503911,153.0
503935,24.0
504289,354.0
504789,500.0
504908,119.0
505408,500.0
505908,500.0
506204,296.0
506704,500.0
507200,496.0
507672,472.0
508172,500.0
508553,381.0
508664,111.0
508803,139.0
508852,49.0
509352,500.0
509852,500.0
510180,328.0
510451,271.0
510830,379.0
511082,252.0
511092,10.0
511179,87.0
511203,24.0
511269,66.0
511285,16.0
511505,220.0
511551,46.0
511630,79.0
511644,14.0
512144,500.0
512362,218.0
512654,292.0
513154,500.0
513193,39.0
513693,500.0
514193,500.0
514425,232.0
514554,129.0
514567,13.0
514729,162.0
514765,36.0
514790,25.0
514809,19.0
514873,64.0
514950,77.0
514988,38.0
515488,500.0
515555,67.0
515581,26.0
515625,44.0
515781,156.0
515870,89.0
515942,72.0
516104,162.0
516278,174.0
516353,75.0
516385,32.0
516885,500.0
516968,83.0
516985,17.0
517061,76.0
517105,44.0
517126,21.0
517195,69.0
517285,90.0
517361,76.0
517753,392.0
517768,15.0
517840,72.0
517867,27.0
517949,82.0
518113,164.0
518272,159.0
518305,33.0
518395,90.0
518603,208.0
518803,200.0
518963,160.0
519066,103.0
519179,113.0
519189,10.0
519268,79.0
519303,35.0
519803,500.0
519895,92.0
519950,55.0
520027,77.0
520174,147.0
520674,500.0
520735,61.0
520788,53.0
520836,48.0
520992,156.0
521132,140.0
521220,88.0
521720,500.0
522220,500.0
522445,225.0
522945,500.0
523023,78.0
523219,196.0
523402,183.0
523771,369.0
523956,185.0
524110,154.0
524610,500.0
524726,116.0
525027,301.0
525164,137.0
525664,500.0
526164,500.0
526391,227.0
526891,500.0
526939,48.0
527204,265.0
527219,15.0
527292,73.0
527324,32.0
527824,500.0
528324,500.0
528651,327.0
528866,215.0
528900,34.0
529393,493.0
529893,500.0
530118,225.0
530342,224.0
530453,111.0
530953,500.0
531130,177.0
531294,164.0
531440,146.0
531726,286.0
531764,38.0
531957,193.0
532144,187.0
532281,137.0
532457,176.0
532578,121.0
532644,66.0
532793,149.0
532948,155.0
532991,43.0
533157,166.0
533498,341.0
533998,500.0
534010,12.0
534510,500.0
534608,98.0
535108,500.0
535178,70.0
535191,13.0
535691,500.0
536191,500.0
536303,112.0
536319,16.0
536430,111.0
536467,37.0
536569,102.0
536660,91.0
536712,52.0
536728,16.0
536848,120.0
536985,137.0
537088,103.0
537162,74.0
537238,76.0
537276,38.0
537357,81.0
537446,89.0
537504,58.0
537595,91.0
537699,104.0
537717,18.0
537738,21.0
537779,41.0
537790,11.0
537880,90.0
537961,81.0
538003,42.0
538045,42.0
538153,108.0
538169,16.0
538251,82.0
538341,90.0
538420,79.0
538490,70.0
538578,88.0
538651,73.0
538745,94.0
538838,93.0
538847,9.0
538920,73.0
538936,16.0
539025,89.0
539045,20.0
539060,15.0
539138,78.0
539168,30.0
539190,22.0
539323,133.0
539333,10.0
539429,96.0
539538,109.0
539659,121.0
539679,20.0
539700,21.0
539777,77.0
539863,86.0
539980,117.0
540102,122.0
540156,54.0
540274,118.0
540366,92.0
540394,28.0
540493,99.0
540539,46.0
540571,32.0
540581,10.0
540612,31.0
540648,36.0
540680,32.0
540725,45.0
540754,29.0
540862,108.0
540983,121.0
540995,12.0
541029,34.0
541130,101.0
541630,500.0
541727,97.0
541768,41.0
542268,500.0
542297,29.0
542797,500.0
543297,500.0
543345,48.0
543845,500.0
543894,49.0
544394,500.0
544894,500.0
545394,500.0
545894,500.0
546394,500.0
546807,413.0
547307,500.0
547414,107.0
547914,500.0
548226,312.0
548726,500.0
548791,65.0
549189,398.0
549689,500.0
549895,206.0
550213,318.0
550713,500.0
550826,113.0
550903,77.0
551382,479.0
551773,391.0
552045,272.0
552545,500.0
552566,21.0
553066,500.0
553566,500.0
553729,163.0
554050,321.0
554290,240.0
554643,353.0
554818,175.0
555318,500.0
555499,181.0
555698,199.0
555752,54.0
555944,192.0
556145,201.0
556299,154.0
556560,261.0
557060,500.0
557358,298.0
557604,246.0
558056,452.0
558556,500.0
559056,500.0
559206,150.0
559446,240.0
559946,500.0
559992,46.0
560065,73.0
560565,500.0
560677,112.0
561177,500.0
561677,500.0
562177,500.0
562392,215.0
562892,500.0
563278,386.0
563314,36.0
563586,272.0
563889,303.0
563972,83.0
564240,268.0
564482,242.0
564797,315.0
565052,255.0
565552,500.0
565968,416.0
566005,37.0
566505,500.0
567005,500.0
567505,500.0
567788,283.0
568288,500.0
568352,64.0
568489,137.0
568629,140.0
568659,30.0
569159,500.0
569404,245.0
569904,500.0
569979,75.0
570479,500.0
570669,190.0
570861,192.0
570943,82.0
571088,145.0
571258,170.0
571560,302.0
571581,21.0
571619,38.0
571641,22.0
571957,316.0
572000,43.0
572036,36.0
572212,176.0
572251,39.0
572308,57.0
572401,93.0
572449,48.0
572645,196.0
573017,372.0
573186,169.0
573287,101.0
573787,500.0
574287,500.0
574787,500.0
575287,500.0
575787,500.0
576287,500.0
576787,500.0
577040,253.0
577112,72.0
577429,317.0
577848,419.0
577949,101.0
577985,36.0
578128,143.0
578437,309.0
578468,31.0
578572,104.0
579072,500.0
579287,215.0
579574,287.0
579655,81.0
580155,500.0
580655,500.0
580871,216.0
581134,263.0
581158,24.0
581658,500.0
581684,26.0
582002,318.0
582110,108.0
582315,205.0
582511,196.0
582592,81.0
582679,87.0
582740,61.0
582961,221.0
583047,86.0
583225,178.0
583335,110.0
583491,156.0
583504,13.0
583740,236.0
583941,201.0
584157,216.0
584356,199.0
584543,187.0
584684,141.0
584847,163.0
584940,93.0
584965,25.0
585139,174.0
585206,67.0
585559,353.0
585875,316.0
586137,262.0
586310,173.0
586490,180.0
586693,203.0
586879,186.0
587038,159.0
587261,223.0
587444,183.0
587661,217.0
587814,153.0
587957,143.0
588081,124.0
588197,116.0
588347,150.0
588488,141.0
588557,69.0
588653,96.0
588771,118.0
588897,126.0
589097,200.0
589241,144.0
589281,40.0
589311,30.0
589332,21.0
589448,116.0
589466,18.0
589580,114.0
589705,125.0
589823,118.0
589836,13.0
589860,24.0
589879,19.0
589931,52.0
590046,115.0
590164,118.0
590286,122.0
590414,128.0
590447,33.0
590468,21.0
590593,125.0
590653,60.0
590771,118.0
590800,29.0
590927,127.0
590961,34.0
591068,107.0
591086,18.0
591219,133.0
591331,112.0
591472,141.0
591586,114.0
591699,113.0
591816,117.0
591849,33.0
591956,107.0
592003,47.0
592019,16.0
592119,100.0
592244,125.0
592381,137.0
592518,137.0
592549,31.0
592678,129.0
592796,118.0
592904,108.0
593017,113.0
593036,19.0
593167,131.0
593293,126.0
593329,36.0
593372,43.0
593383,11.0
593438,55.0
593497,59.0
593609,112.0
593724,115.0
593830,106.0
593856,26.0
593967,111.0
594092,125.0
594216,124.0
594340,124.0
594420,80.0
594558,138.0
594688,130.0
594806,118.0
594937,131.0
595073,136.0
595109,36.0
595228,119.0
595242,14.0
595356,114.0
595463,107.0
595562,99.0
595667,105.0
595707,40.0
595837,130.0
595944,107.0
596046,102.0
596130,84.0
596164,34.0
596257,93.0
596279,22.0
596385,106.0
596488,103.0
596583,95.0
596688,105.0
596707,19.0
596730,23.0
596764,34.0
596875,111.0
596911,36.0
596922,11.0
597016,94.0
597113,97.0
597217,104.0
597326,109.0
597436,110.0
597554,118.0
597597,43.0
597618,21.0
597635,17.0
597731,96.0
597835,104.0
597847,12.0
597965,118.0
598073,108.0
598132,59.0
598167,35.0
598279,112.0
598404,125.0
598510,106.0
598541,31.0
598650,109.0
598763,113.0
598775,12.0
598812,37.0
598826,14.0
598922,96.0
598941,19.0
599029,88.0
599156,127.0
599258,102.0
599392,134.0
599540,148.0
599588,48.0
599703,115.0
599828,125.0
599946,118.0
600037,91.0
600069,32.0
600121,52.0
600144,23.0
600247,103.0
600367,120.0
600394,27.0
600440,46.0
600552,112.0
600593,41.0
600692,99.0
600849,157.0
600870,21.0
600885,15.0
601008,123.0
601116,108.0
601227,111.0
601258,31.0
601375,117.0
601471,96.0
601566,95.0
601685,119.0
601794,109.0
601893,99.0
602008,115.0
602024,16.0
602130,106.0
602236,106.0
602254,18.0
602285,31.0
602298,13.0
602405,107.0
602452,47.0
602570,118.0
602598,28.0
602691,93.0
602786,95.0
602892,106.0
603003,111.0
603105,102.0
603212,107.0
603235,23.0
603337,102.0
603486,149.0
603611,125.0
603712,101.0
603847,135.0
603945,98.0
604030,85.0
604054,24.0
604077,23.0
604183,106.0
604202,19.0
604325,123.0
604446,121.0
604572,126.0
604688,116.0
604785,97.0
604906,121.0
604928,22.0
604991,63.0
605102,111.0
605220,118.0
605325,105.0
605437,112.0
605450,13.0
605464,14.0
605599,135.0
605706,107.0
605802,96.0
605919,117.0
605945,26.0
605967,22.0
606107,140.0
606214,107.0
606225,11.0
606340,115.0
606384,44.0
606501,117.0
606645,144.0
606670,25.0
606683,13.0
606707,24.0
606829,122.0
606956,127.0
607080,124.0
607205,125.0
607317,112.0
607378,61.0
607496,118.0
607625,129.0
607762,137.0
607790,28.0
607899,109.0
608019,120.0
608155,136.0
608322,167.0
608449,127.0
608608,159.0
608643,35.0
608783,140.0
608838,55.0
608968,130.0
609105,137.0
609171,66.0
609304,133.0
609425,121.0
609483,58.0
609607,124.0
609726,119.0
609850,124.0
609992,142.0
610049,57.0
610162,113.0
610283,121.0
610392,109.0
610510,118.0
610554,44.0
610665,111.0
610783,118.0
610817,34.0
610859,42.0
610955,96.0
611085,130.0
611191,106.0
611309,118.0
611424,115.0
611527,103.0
611638,111.0
611759,121.0
611881,122.0
612007,126.0
612024,17.0
612155,131.0
612170,15.0
612188,18.0
612313,125.0
612373,60.0
612479,106.0
612498,19.0
612622,124.0
612738,116.0
612789,51.0
612861,72.0
612957,96.0
612989,32.0
613011,22.0
613133,122.0
613215,82.0
613342,127.0
613457,115.0
613562,105.0
613588,26.0
613615,27.0
613731,116.0
613772,41.0
613808,36.0
613821,13.0
613854,33.0
613871,17.0
613888,17.0
613977,89.0
614080,103.0
614197,117.0
614332,135.0
614382,50.0
614485,103.0
614597,112.0
614720,123.0
614749,29.0
614854,105.0
614975,121.0
615080,105.0
615134,54.0
615237,103.0
615352,115.0
615428,76.0
615538,110.0
615551,13.0
615686,135.0
615792,106.0
615916,124.0
616044,128.0
616152,108.0
616279,127.0
616393,114.0
616508,115.0
616519,11.0
616544,25.0
616652,108.0
616665,13.0
616708,43.0
616817,109.0
616943,126.0
616956,13.0
616988,32.0
617114,126.0
617245,131.0
617382,137.0
617398,16.0
617434,36.0
617470,36.0
617490,20.0
617608,118.0
617619,11.0
617653,34.0
617696,43.0
617844,148.0
617886,42.0
618006,120.0
618020,14.0
618080,60.0
618129,49.0
618166,37.0
618177,11.0
618190,13.0
618309,119.0
618495,186.0
618522,27.0
618913,391.0
619093,180.0
619136,43.0
619279,143.0
619378,99.0
619493,115.0
619504,11.0
619646,142.0
619754,108.0
619780,26.0
619883,103.0
619962,79.0
619974,12.0
620027,53.0
620045,18.0
620087,42.0
620136,49.0
620156,20.0
620236,80.0
620453,217.0
620502,49.0
620659,157.0
620809,150.0
621102,293.0
621147,45.0
621321,174.0
621338,17.0
621460,122.0
621656,196.0
622025,369.0
622100,75.0
622302,202.0
622338,36.0
622358,20.0
622844,486.0
623051,207.0
623551,500.0
624051,500.0
624327,276.0
624827,500.0
624873,46.0
624918,45.0
625418,500.0
625918,500.0
626418,500.0
626859,441.0
627091,232.0
627409,318.0
627909,500.0
627963,54.0
627974,11.0
628206,232.0
628255,49.0
628499,244.0
628730,231.0
629230,500.0
629730,500.0
629759,29.0
630198,439.0
630431,233.0
630678,247.0
630903,225.0
631403,500.0
631903,500.0
632403,500.0
632903,500.0
633403,500.0
633618,215.0
633667,49.0
633866,199.0
634191,325.0
634292,101.0
634792,500.0
635094,302.0
635524,430.0
635966,442.0
636441,475.0
636715,274.0
636934,219.0
636994,60.0
637058,64.0
637558,500.0
638058,500.0
638080,22.0
638580,500.0
639080,500.0
639580,500.0
640080,500.0
640377,297.0
640410,33.0
640451,41.0
640804,353.0
640821,17.0
641321,500.0
641365,44.0
641865,500.0
642197,332.0
642697,500.0
642712,15.0
643212,500.0
643712,500.0
644212,500.0
644712,500.0
645212,500.0
645251,39.0
645268,17.0
645768,500.0
645872,104.0
646372,500.0
646872,500.0
647372,500.0
647872,500.0
648372,500.0
648459,87.0
648959,500.0
649459,500.0
649959,500.0
650459,500.0
650959,500.0
651432,473.0
651483,51.0
651779,296.0
651821,42.0
651878,57.0
652378,500.0
652732,354.0
653232,500.0
653732,500.0
654023,291.0
654451,428.0
654951,500.0
655451,500.0
655844,393.0
655994,150.0
656435,441.0
656552,117.0
656570,18.0
656937,367.0
657319,382.0
657434,115.0
657524,90.0
657670,146.0
657893,223.0
657949,56.0
658061,112.0
658436,375.0
658572,136.0
658769,197.0
659116,347.0
659282,166.0
659378,96.0
659513,135.0
659610,97.0
659702,92.0
659963,261.0
660040,77.0
660255,215.0
660372,117.0
660483,111.0
660983,500.0
661027,44.0
661527,500.0
661556,29.0
662056,500.0
662345,289.0
662371,26.0
662659,288.0
662878,219.0
662920,42.0
663190,270.0
663690,500.0
664190,500.0
664444,254.0
664626,182.0
664979,353.0
665423,444.0
665698,275.0
665805,107.0
666305,500.0
666466,161.0
666899,433.0
667212,313.0
667421,209.0
667453,32.0
667465,12.0
667480,15.0
667718,238.0
668097,379.0
668584,487.0
669084,500.0
669100,16.0
669133,33.0
669633,500.0
670131,498.0
670631,500.0
671131,500.0
671153,22.0
671521,368.0
672021,500.0
672070,49.0
672081,11.0
672581,500.0
672906,325.0
673406,500.0
673906,500.0
674187,281.0
674207,20.0
674223,16.0
674589,366.0
674650,61.0
674895,245.0
675395,500.0
675895,500.0
676395,500.0
676408,13.0
676711,303.0
677211,500.0
677711,500.0
678211,500.0
678711,500.0
679211,500.0
679711,500.0
679724,13.0
680224,500.0
680724,500.0
681224,500.0
681724,500.0
681986,262.0
682189,203.0
682689,500.0
683189,500.0
683500,311.0
683831,331.0
683919,88.0
684419,500.0
684916,497.0
684948,32.0
684968,20.0
685106,138.0
685318,212.0
685648,330.0
686124,476.0
686435,311.0
686549,114.0
686994,445.0
687153,159.0
687535,382.0
687615,80.0
687853,238.0
688012,159.0
688241,229.0
688475,234.0
688755,280.0
688899,144.0
688944,45.0
689172,228.0
689514,342.0
689834,320.0
690265,431.0
690728,463.0
691228,500.0
691390,162.0
691842,452.0
691906,64.0
692105,199.0
692579,474.0
692925,346.0
693128,203.0
693523,395.0
693608,85.0
694108,500.0
694172,64.0
694672,500.0
695082,410.0
695222,140.0
695722,500.0
695757,35.0
695796,39.0
696060,264.0
696436,376.0
696833,397.0
696916,83.0
696935,19.0
697227,292.0
697240,13.0
697740,500.0
697795,55.0
698295,500.0
698532,237.0
698544,12.0
698666,122.0
698842,176.0
699303,461.0
699377,74.0
699596,219.0
699641,45.0
699949,308.0
700241,292.0
700308,67.0
700567,259.0
700732,165.0
700937,205.0
701386,449.0
701886,500.0
702180,294.0
702367,187.0
702570,203.0
702616,46.0
703075,459.0
703186,111.0
703686,500.0
703968,282.0
704468,500.0
704503,35.0
704545,42.0
704851,306.0
705351,500.0
705722,371.0
705795,73.0
705957,162.0
706019,62.0
706519,500.0
706576,57.0
706985,409.0
707199,214.0
707327,128.0
707338,11.0
707386,48.0
707715,329.0
707764,49.0
707832,68.0
707899,67.0
708199,300.0
708234,35.0
708275,41.0
708326,51.0
708369,43.0
708436,67.0
708468,32.0
708695,227.0
709115,420.0
709322,207.0
709350,28.0
709380,30.0
709552,172.0
709673,121.0
709834,161.0
709855,21.0
710293,438.0
710449,156.0
710482,33.0
710663,181.0
710937,274.0
710963,26.0
711249,286.0
711430,181.0
711667,237.0
712167,500.0
712356,189.0
712555,199.0
712571,16.0
712610,39.0
712801,191.0
713052,251.0
713552,500.0
713561,9.0
713755,194.0
713902,147.0
714085,183.0
714236,151.0
714383,147.0
714524,141.0
715024,500.0
715036,12.0
715069,33.0
715079,10.0
715224,145.0
715656,432.0
715820,164.0
716103,283.0
716114,11.0
716171,57.0
716189,18.0
716326,137.0
716464,138.0
716481,17.0
716519,38.0
716561,42.0
716703,142.0
716856,153.0
716884,28.0
717350,466.0
717648,298.0
717686,38.0
717845,159.0
718309,464.0
718357,48.0
718389,32.0
718889,500.0
718941,52.0
719124,183.0
719406,282.0
719419,13.0
719430,11.0
719486,56.0
719500,14.0
719641,141.0
719812,171.0
719883,71.0
720058,175.0
720107,49.0
720128,21.0
720196,68.0
720383,187.0
720436,53.0
720472,36.0
720642,170.0
720675,33.0
720936,261.0
720949,13.0
721105,156.0
721470,365.0
721970,500.0
721985,15.0
722361,376.0
722861,500.0
723132,271.0
723580,448.0
724080,500.0
724276,196.0
724655,379.0
725155,500.0
725381,226.0
725878,497.0
726239,361.0
726372,133.0
726765,393.0
726913,148.0
727413,500.0
727430,17.0
727561,131.0
727775,214.0
727890,115.0
728245,355.0
728303,58.0
728356,53.0
728578,222.0
728764,186.0
728876,112.0
729173,297.0
729377,204.0
729538,161.0
729939,401.0
730100,161.0
730223,123.0
730723,500.0
730870,147.0
730882,12.0
730987,105.0
731125,138.0
731462,337.0
731836,374.0
732336,500.0
732476,140.0
732608,132.0
732706,98.0
732785,79.0
732834,49.0
733262,428.0
733373,111.0
733782,409.0
733851,69.0
733918,67.0
734089,171.0
734110,21.0
734168,58.0
734538,370.0
734688,150.0
734718,30.0
734772,54.0
734785,13.0
734799,14.0
734818,19.0
734843,25.0
735135,292.0
735635,500.0
735660,25.0
735796,136.0
735819,23.0
736119,300.0
736431,312.0
736483,52.0
736708,225.0
737096,388.0
737238,142.0
737493,255.0
737890,397.0
738286,396.0
738337,51.0
738837,500.0
739183,346.0
739387,204.0
739661,274.0
739801,140.0
739984,183.0
740305,321.0
740402,97.0
740590,188.0
740904,314.0
740988,84.0
741157,169.0
741338,181.0
741460,122.0
741804,344.0
741929,125.0
742364,435.0
742440,76.0
742613,173.0
742808,195.0
743264,456.0
743558,294.0
744041,483.0
744373,332.0
744628,255.0
745030,402.0
745058,28.0
745175,117.0
745299,124.0
745309,10.0
745471,162.0
745637,166.0
745896,259.0
746243,347.0
746317,74.0
746817,500.0
747001,184.0
747325,324.0
747543,218.0
747756,213.0
748020,264.0
748124,104.0
748235,111.0
748487,252.0
748736,249.0
748993,257.0
749007,14.0
749255,248.0
749703,448.0
750009,306.0
750125,116.0
750274,149.0
750542,268.0
750891,349.0
751158,267.0
751316,158.0
751446,130.0
751737,291.0
752145,408.0
752191,46.0
752568,377.0
752857,289.0
752912,55.0
753245,333.0
753659,414.0
753891,232.0
753996,105.0
754095,99.0
754115,20.0
754465,350.0
754888,423.0
755231,343.0
755252,21.0
755364,112.0
755439,75.0
755513,74.0
755669,156.0
755788,119.0
755975,187.0
755988,13.0
756099,111.0
756142,43.0
756269,127.0
756310,41.0
756393,83.0
756703,310.0
757030,327.0
757308,278.0
757411,103.0
757678,267.0
757990,312.0
758020,30.0
758423,403.0
758606,183.0
758702,96.0
759202,500.0
759345,143.0
759845,500.0
760068,223.0
760568,500.0
760911,343.0
761242,331.0
761546,304.0
761668,122.0
762012,344.0
762512,500.0
762743,231.0
762781,38.0
763069,288.0
763187,118.0
763385,198.0
763780,395.0
763793,13.0
763889,96.0
763984,95.0
764112,128.0
764612,500.0
764714,102.0
764989,275.0
765105,116.0
765269,164.0
765389,120.0
765632,243.0
765655,23.0
765829,174.0
765953,124.0
766249,296.0
766606,357.0
766703,97.0
767022,319.0
767252,230.0
767388,136.0
767436,48.0
767544,108.0
767707,163.0
768207,500.0
768335,128.0
768625,290.0
769060,435.0
769093,33.0
769493,400.0
769993,500.0
770261,268.0
770377,116.0
770478,101.0
770619,141.0
771041,422.0
771522,481.0
771685,163.0
771812,127.0
771996,184.0
772091,95.0
772388,297.0
772661,273.0
772873,212.0
773086,213.0
773345,259.0
773550,205.0
773851,301.0
774266,415.0
774524,258.0
774794,270.0
775106,312.0
775319,213.0
775630,311.0
775932,302.0
775946,14.0
776085,139.0
776102,17.0
776332,230.0
776387,55.0
776536,149.0
776549,13.0
776567,18.0
776728,161.0
776743,15.0
776904,161.0
777378,474.0
777497,119.0
777646,149.0
777762,116.0
778262,500.0
778358,96.0
778647,289.0
778683,36.0
778794,111.0
778863,69.0
779113,250.0
779210,97.0
779367,157.0
779648,281.0
780148,500.0
780307,159.0
780410,103.0
780582,172.0
780756,174.0
780873,117.0
780943,70.0
781266,323.0
781336,70.0
781421,85.0
781568,147.0
781705,137.0
781801,96.0
781932,131.0
782432,500.0
782567,135.0
782730,163.0
782986,256.0
783094,108.0
783579,485.0
783596,17.0
783859,263.0
783926,67.0
784396,470.0
784521,125.0
784648,127.0
784662,14.0
785162,500.0
785176,14.0
785293,117.0
785308,15.0
785404,96.0
785446,42.0
785560,114.0
785693,133.0
785747,54.0
785849,102.0
785976,127.0
786472,496.0
786515,43.0
787015,500.0
787128,113.0
787147,19.0
787382,235.0
787403,21.0
787536,133.0
788036,500.0
788138,102.0
788370,232.0
788428,58.0
788524,96.0
788928,404.0
789122,194.0
789191,69.0
789283,92.0
789720,437.0
789832,112.0
789859,27.0
790295,436.0
790581,286.0
790664,83.0
790676,12.0
790887,211.0
790950,63.0
791157,207.0
791262,105.0
791307,45.0
791504,197.0
791931,427.0
791948,17.0
792043,95.0
792289,246.0
792789,500.0
792937,148.0
793246,309.0
793746,500.0
794200,454.0
794234,34.0
794261,27.0
794379,118.0
794512,133.0
794534,22.0
794593,59.0
794714,121.0
794726,12.0
794751,25.0
794984,233.0
795484,500.0
795984,500.0
796178,194.0
796460,282.0
796723,263.0
796862,139.0
797223,361.0
797527,304.0
797876,349.0
797945,69.0
798142,197.0
798642,500.0
799014,372.0
799223,209.0
799723,500.0
800223,500.0
800723,500.0
801223,500.0
801723,500.0
801929,206.0
802405,476.0
802566,161.0
803066,500.0
803109,43.0
803212,103.0
803712,500.0
803780,68.0
803855,75.0
804309,454.0
804366,57.0
804449,83.0
804615,166.0
805023,408.0
805523,500.0
805571,48.0
806071,500.0
806571,500.0
807071,500.0
807306,235.0
807380,74.0
807412,32.0
807912,500.0
808124,212.0
808270,146.0
808396,126.0
808789,393.0
808820,31.0
808858,38.0
808988,130.0
809343,355.0
809356,13.0
809856,500.0
809908,52.0
810408,500.0
810441,33.0
810941,500.0
811441,500.0
811941,500.0
812011,70.0
812022,11.0
812058,36.0
812558,500.0
813058,500.0
813097,39.0
813137,40.0
813373,236.0
813545,172.0
813642,97.0
814142,500.0
814202,60.0
814237,35.0
814263,26.0
814437,174.0
814937,500.0
814949,12.0
815079,130.0
815432,353.0
815804,372.0
816304,500.0
816718,414.0
817218,500.0
817520,302.0
817548,28.0
817576,28.0
818076,500.0
818576,500.0
818779,203.0
819028,249.0
819528,500.0
820028,500.0
820039,11.0
820090,51.0
820289,199.0
820338,49.0
820619,281.0
821119,500.0
821619,500.0
822119,500.0
822619,500.0
822912,293.0
822965,53.0
823465,500.0
823907,442.0
824298,391.0
824742,444.0
824775,33.0
824967,192.0
825467,500.0
825967,500.0
826379,412.0
826879,500.0
826995,116.0
827495,500.0
827705,210.0
827802,97.0
827909,107.0
827990,81.0
828355,365.0
828855,500.0
828875,20.0
829375,500.0
829452,77.0
829694,242.0
829981,287.0
829996,15.0
830010,14.0
830510,500.0
830892,382.0
831392,500.0
831417,25.0
831917,500.0
832030,113.0
832468,438.0
832512,44.0
833012,500.0
833248,236.0
833687,439.0
834187,500.0
834687,500.0
835187,500.0
835687,500.0
835700,13.0
836200,500.0
836700,500.0
836714,14.0
837214,500.0
837714,500.0
838152,438.0
838467,315.0
838683,216.0
838853,170.0
839114,261.0
839167,53.0
839230,63.0
839496,266.0
839636,140.0
839853,217.0
840353,500.0
840853,500.0
841215,362.0
841279,64.0
841319,40.0
841533,214.0
841711,178.0
841996,285.0
842496,500.0
842524,28.0
843024,500.0
843146,122.0
843646,500.0
844146,500.0
844244,98.0
844279,35.0
844779,500.0
845266,487.0
845766,500.0
846266,500.0
846389,123.0
846516,127.0
847016,500.0
847516,500.0
847551,35.0
848051,500.0
848152,101.0
848167,15.0
848667,500.0
848690,23.0
848800,110.0
849300,500.0
849370,70.0
849870,500.0
849889,19.0
850389,500.0
850889,500.0
850937,48.0
851004,67.0
851504,500.0
851518,14.0
852018,500.0
852518,500.0
853018,500.0
853518,500.0
854018,500.0
854518,500.0
854930,412.0
854940,10.0
855440,500.0
855590,150.0
855908,318.0
856360,452.0
856388,28.0
856819,431.0
857102,283.0
857125,23.0
857147,22.0
857213,66.0
857713,500.0
857946,233.0
858332,386.0
858832,500.0
859149,317.0
859649,500.0
860037,388.0
860057,20.0
860068,11.0
860150,82.0
860177,27.0
860677,500.0
860766,89.0
860986,220.0
861138,152.0
861338,200.0
861492,154.0
861696,204.0
861777,81.0
861936,159.0
861952,16.0
862452,500.0
862617,165.0
862697,80.0
862725,28.0
862747,22.0
863247,500.0
863672,425.0
864172,500.0
864672,500.0
865147,475.0
865355,208.0
865538,183.0
865811,273.0
866007,196.0
866507,500.0
867007,500.0
867507,500.0
868007,500.0
868041,34.0
868126,85.0
868626,500.0
869126,500.0
869232,106.0
869652,420.0
869685,33.0
870185,500.0
870559,374.0
871059,500.0
871559,500.0
872059,500.0
872118,59.0
872287,169.0
872787,500.0
872941,154.0
872955,14.0
873153,198.0
873653,500.0
874153,500.0
874653,500.0
875153,500.0
875224,71.0
875724,500.0
875915,191.0
876141,226.0
876220,79.0
876418,198.0
876660,242.0
877160,500.0
877660,500.0
878160,500.0
878179,19.0
878213,34.0
878267,54.0
878767,500.0
879267,500.0
879767,500.0
880267,500.0
880767,500.0
881267,500.0
881283,16.0
881365,82.0
881865,500.0
882263,398.0
882763,500.0
883263,500.0
883763,500.0
884263,500.0
884428,165.0
884855,427.0
884957,102.0
885457,500.0
885957,500.0
886134,177.0
886562,428.0
887062,500.0
887074,12.0
887574,500.0
888074,500.0
888574,500.0
889074,500.0
889183,109.0
889297,114.0
889748,451.0
889899,151.0
890399,500.0
890899,500.0
891215,316.0
891411,196.0
891768,357.0
891822,54.0
892322,500.0
892345,23.0
892571,226.0
892598,27.0
893057,459.0
893132,75.0
893349,217.0
893414,65.0
893549,135.0
893815,266.0
894112,297.0
894540,428.0
895040,500.0
895057,17.0
895422,365.0
895469,47.0
895546,77.0
895781,235.0
895986,205.0
896486,500.0
896984,498.0
897073,89.0
897092,19.0
897292,200.0
897458,166.0
897600,142.0
897632,32.0
897658,26.0
897691,33.0
897727,36.0
897745,18.0
898047,302.0
898211,164.0
898376,165.0
898666,290.0
898836,170.0
898862,26.0
898926,64.0
898995,69.0
899495,500.0
899995,500.0
900072,77.0
900100,28.0
900600,500.0
901100,500.0
901600,500.0
902100,500.0
902600,500.0
903100,500.0
903185,85.0
903647,462.0
904077,430.0
904190,113.0
904670,480.0
904764,94.0
905129,365.0
905325,196.0
905651,326.0
905929,278.0
906235,306.0
906411,176.0
906625,214.0
906914,289.0
907414,500.0
907914,500.0
908102,188.0
908385,283.0
908458,73.0
908508,50.0
908640,132.0
908939,299.0
909129,190.0
909282,153.0
909297,15.0
909634,337.0
909875,241.0
910180,305.0
910404,224.0
910686,282.0
911062,376.0
911145,83.0
911280,135.0
911713,433.0
911775,62.0
912166,391.0
912554,388.0
913021,467.0
913101,80.0
913474,373.0
913941,467.0
914441,500.0
914532,91.0
915032,500.0
915269,237.0
915733,464.0
915979,246.0
916220,241.0
916593,373.0
916638,45.0
917077,439.0
917305,228.0
917414,109.0
917563,149.0
917803,240.0
917889,86.0
918067,178.0
918147,80.0
918158,11.0
918183,25.0
918317,134.0
918377,60.0
918627,250.0
918824,197.0
919205,381.0
919378,173.0
919756,378.0
920019,263.0
920048,29.0
920360,312.0
920718,358.0
920942,224.0
921115,173.0
921615,500.0
922020,405.0
922510,490.0
922949,439.0
923246,297.0
923357,111.0
923522,165.0
923854,332.0
924127,273.0
924384,257.0
924457,73.0
924910,453.0
924995,85.0
925108,113.0
925188,80.0
925314,126.0
925407,93.0
925907,500.0
926164,257.0
926345,181.0
926491,146.0
926593,102.0
926619,26.0
926725,106.0
926831,106.0
926943,112.0
927107,164.0
927249,142.0
927408,159.0
927460,52.0
927577,117.0
928020,443.0
928160,140.0
928269,109.0
928332,63.0
928438,106.0
928627,189.0
929127,500.0
929190,63.0
929301,111.0
929332,31.0
929447,115.0
929658,211.0
929841,183.0
929857,16.0
929904,47.0
930009,105.0
930063,54.0
930182,119.0
930217,35.0
930264,47.0
930381,117.0
930442,61.0
930676,234.0
930775,99.0
930958,183.0
930998,40.0
931152,154.0
931233,81.0
931567,334.0
931909,342.0
931968,59.0
932140,172.0
932179,39.0
932427,248.0
932521,94.0
932694,173.0
932872,178.0
933050,178.0
933433,383.0
933613,180.0
933677,64.0
933902,225.0
934083,181.0
934216,133.0
934242,26.0
934269,27.0
934769,500.0
935123,354.0
935371,248.0
935434,63.0
935487,53.0
935593,106.0
935698,105.0
936198,500.0
936225,27.0
936547,322.0
936706,159.0
936752,46.0
936998,246.0
937498,500.0
937696,198.0
937878,182.0
937903,25.0
938403,500.0
938903,500.0
938963,60.0
939463,500.0
939797,334.0
940297,500.0
940797,500.0
940986,189.0
941486,500.0
941599,113.0
941713,114.0
941774,61.0
942274,500.0
942752,478.0
942938,186.0
943011,73.0
943289,278.0
943551,262.0
943824,273.0
944075,251.0
944086,11.0
944280,194.0
944546,266.0
944710,164.0
944981,271.0
945251,270.0
945269,18.0
945288,19.0
945564,276.0
945734,170.0
945981,247.0
946237,256.0
946550,313.0
946667,117.0
946808,141.0
946927,119.0
947242,315.0
947412,170.0
947691,279.0
947883,192.0
947963,80.0
948241,278.0
948274,33.0
948432,158.0
948641,209.0
949141,500.0
949153,12.0
949198,45.0
949314,116.0
949456,142.0
949488,32.0
949659,171.0
949807,148.0
949901,94.0
949992,91.0
950296,304.0
950313,17.0
950326,13.0
950363,37.0
950387,24.0
950556,169.0
950569,13.0
950735,166.0
950908,173.0
951408,500.0
951434,26.0
951555,121.0
951649,94.0
951762,113.0
952010,248.0
952024,14.0
952179,155.0
952193,14.0
952521,328.0
952656,135.0
952944,288.0
952977,33.0
953432,455.0
953932,500.0
954031,99.0
954042,11.0
954332,290.0
954368,36.0
954848,480.0
955118,270.0
955293,175.0
955440,147.0
955599,159.0
955775,176.0
955918,143.0
956060,142.0
956124,64.0
956290,166.0
956578,288.0
956862,284.0
957209,347.0
957499,290.0
957831,332.0
957875,44.0
958154,279.0
958654,500.0
958828,174.0
958840,12.0
959083,243.0
959338,255.0
959458,120.0
959484,26.0
959970,486.0
960111,141.0
960269,158.0
960294,25.0
960415,121.0
960733,318.0
961215,482.0
961715,500.0
961747,32.0
961762,15.0
962177,415.0
962313,136.0
962813,500.0
962877,64.0
962888,11.0
963388,500.0
963888,500.0
964388,500.0
964476,88.0
964961,485.0
965453,492.0
965730,277.0
966230,500.0
966373,143.0
966873,500.0
967373,500.0
967501,128.0
968001,500.0
968501,500.0
969001,500.0
969501,500.0
970001,500.0
970501,500.0
971001,500.0
971307,306.0
971807,500.0
972084,277.0
972164,80.0
972664,500.0
972802,138.0
973016,214.0
973516,500.0
974016,500.0
974516,500.0
975016,500.0
975498,482.0
975685,187.0
976185,500.0
976685,500.0
977185,500.0
977685,500.0
978185,500.0
978427,242.0
978770,343.0
979270,500.0
979600,330.0
979752,152.0
979847,95.0
979916,69.0
980111,195.0
980423,312.0
980707,284.0
980948,241.0
981050,102.0
981205,155.0
981361,156.0
981861,500.0
981907,46.0
982407,500.0
982907,500.0
983055,148.0
983496,441.0
983612,116.0
983783,171.0
984283,500.0
984311,28.0
984811,500.0
985184,373.0
985200,16.0
985442,242.0
985482,40.0
985536,54.0
985809,273.0
985952,143.0
986452,500.0
986746,294.0
987099,353.0
987599,500.0
987709,110.0
988104,395.0
988410,306.0
988636,226.0
989036,400.0
989536,500.0
989551,15.0
989880,329.0
990053,173.0
990450,397.0
990924,474.0
991125,201.0
991283,158.0
991553,270.0
992053,500.0
992318,265.0
992636,318.0
992924,288.0
993424,500.0
993587,163.0
993873,286.0
993934,61.0
994434,500.0
994614,180.0
994648,34.0
994793,145.0
994852,59.0
995246,394.0
995294,48.0
995588,294.0
995912,324.0
996015,103.0
996305,290.0
996356,51.0
996505,149.0
996579,74.0
996588,9.0
996665,77.0
996729,64.0
996753,24.0
997118,365.0
997430,312.0
997526,96.0
997897,371.0
998127,230.0
998514,387.0
999014,500.0
999292,278.0
999543,251.0
999759,216.0
999771,12.0
